{"\u041f\u043e\u043f\u044b\u0442\u043a\u0430 \u21161": {"\u041a\u043e\u0434 \u043e\u0442\u0432\u0435\u0442\u0430": 200, "\u0412\u0440\u0435\u043c\u044f \u043e\u0442\u0432\u0435\u0442\u0430(\u0441\u0435\u043a)": 2.22404}, "\u041f\u043e\u043f\u044b\u0442\u043a\u0430 \u21162": {"\u041a\u043e\u0434 \u043e\u0442\u0432\u0435\u0442\u0430": 200, "\u0412\u0440\u0435\u043c\u044f \u043e\u0442\u0432\u0435\u0442\u0430(\u0441\u0435\u043a)": 2.204872}, "\u041f\u043e\u043f\u044b\u0442\u043a\u0430 \u21163": {"\u041a\u043e\u0434 \u043e\u0442\u0432\u0435\u0442\u0430": 200, "\u0412\u0440\u0435\u043c\u044f \u043e\u0442\u0432\u0435\u0442\u0430(\u0441\u0435\u043a)": 2.191914}, "\u041f\u043e\u043f\u044b\u0442\u043a\u0430 \u21164": {"\u041a\u043e\u0434 \u043e\u0442\u0432\u0435\u0442\u0430": 200, "\u0412\u0440\u0435\u043c\u044f \u043e\u0442\u0432\u0435\u0442\u0430(\u0441\u0435\u043a)": 2.261451}, "\u041f\u043e\u043f\u044b\u0442\u043a\u0430 \u21165": {"\u041a\u043e\u0434 \u043e\u0442\u0432\u0435\u0442\u0430": 200, "\u0412\u0440\u0435\u043c\u044f \u043e\u0442\u0432\u0435\u0442\u0430(\u0441\u0435\u043a)": 2.277506}, "\u041f\u043e\u043f\u044b\u0442\u043a\u0430 \u21166": {"\u041a\u043e\u0434 \u043e\u0442\u0432\u0435\u0442\u0430": 200, "\u0412\u0440\u0435\u043c\u044f \u043e\u0442\u0432\u0435\u0442\u0430(\u0441\u0435\u043a)": 2.166688}, "\u041f\u043e\u043f\u044b\u0442\u043a\u0430 \u21167": {"\u041a\u043e\u0434 \u043e\u0442\u0432\u0435\u0442\u0430": 200, "\u0412\u0440\u0435\u043c\u044f \u043e\u0442\u0432\u0435\u0442\u0430(\u0441\u0435\u043a)": 2.204466}, "\u041f\u043e\u043f\u044b\u0442\u043a\u0430 \u21168": {"\u041a\u043e\u0434 \u043e\u0442\u0432\u0435\u0442\u0430": 200, "\u0412\u0440\u0435\u043c\u044f \u043e\u0442\u0432\u0435\u0442\u0430(\u0441\u0435\u043a)": 2.091613}, "\u041f\u043e\u043f\u044b\u0442\u043a\u0430 \u21169": {"\u041a\u043e\u0434 \u043e\u0442\u0432\u0435\u0442\u0430": 200, "\u0412\u0440\u0435\u043c\u044f \u043e\u0442\u0432\u0435\u0442\u0430(\u0441\u0435\u043a)": 2.290767}, "\u041f\u043e\u043f\u044b\u0442\u043a\u0430 \u211610": {"\u041a\u043e\u0434 \u043e\u0442\u0432\u0435\u0442\u0430": 200, "\u0412\u0440\u0435\u043c\u044f \u043e\u0442\u0432\u0435\u0442\u0430(\u0441\u0435\u043a)": 2.295023}, "\u041f\u043e\u043f\u044b\u0442\u043a\u0430 \u211611": {"\u041a\u043e\u0434 \u043e\u0442\u0432\u0435\u0442\u0430": 200, "\u0412\u0440\u0435\u043c\u044f \u043e\u0442\u0432\u0435\u0442\u0430(\u0441\u0435\u043a)": 2.164125}, "\u041f\u043e\u043f\u044b\u0442\u043a\u0430 \u211612": {"\u041a\u043e\u0434 \u043e\u0442\u0432\u0435\u0442\u0430": 200, "\u0412\u0440\u0435\u043c\u044f \u043e\u0442\u0432\u0435\u0442\u0430(\u0441\u0435\u043a)": 2.228747}, "\u041f\u043e\u043f\u044b\u0442\u043a\u0430 \u211613": {"\u041a\u043e\u0434 \u043e\u0442\u0432\u0435\u0442\u0430": 200, "\u0412\u0440\u0435\u043c\u044f \u043e\u0442\u0432\u0435\u0442\u0430(\u0441\u0435\u043a)": 2.372896}, "\u041f\u043e\u043f\u044b\u0442\u043a\u0430 \u211614": {"\u041a\u043e\u0434 \u043e\u0442\u0432\u0435\u0442\u0430": 200, "\u0412\u0440\u0435\u043c\u044f \u043e\u0442\u0432\u0435\u0442\u0430(\u0441\u0435\u043a)": 2.276965}, "\u041f\u043e\u043f\u044b\u0442\u043a\u0430 \u211615": {"\u041a\u043e\u0434 \u043e\u0442\u0432\u0435\u0442\u0430": 200, "\u0412\u0440\u0435\u043c\u044f \u043e\u0442\u0432\u0435\u0442\u0430(\u0441\u0435\u043a)": 2.315485}, "\u041f\u043e\u043f\u044b\u0442\u043a\u0430 \u211616": {"\u041a\u043e\u0434 \u043e\u0442\u0432\u0435\u0442\u0430": 200, "\u0412\u0440\u0435\u043c\u044f \u043e\u0442\u0432\u0435\u0442\u0430(\u0441\u0435\u043a)": 2.251313}, "\u041f\u043e\u043f\u044b\u0442\u043a\u0430 \u211617": {"\u041a\u043e\u0434 \u043e\u0442\u0432\u0435\u0442\u0430": 200, "\u0412\u0440\u0435\u043c\u044f \u043e\u0442\u0432\u0435\u0442\u0430(\u0441\u0435\u043a)": 2.374224}, "\u041f\u043e\u043f\u044b\u0442\u043a\u0430 \u211618": {"\u041a\u043e\u0434 \u043e\u0442\u0432\u0435\u0442\u0430": 200, "\u0412\u0440\u0435\u043c\u044f \u043e\u0442\u0432\u0435\u0442\u0430(\u0441\u0435\u043a)": 2.356444}, "\u041f\u043e\u043f\u044b\u0442\u043a\u0430 \u211619": {"\u041a\u043e\u0434 \u043e\u0442\u0432\u0435\u0442\u0430": 200, "\u0412\u0440\u0435\u043c\u044f \u043e\u0442\u0432\u0435\u0442\u0430(\u0441\u0435\u043a)": 2.373343}, "\u041f\u043e\u043f\u044b\u0442\u043a\u0430 \u211620": {"\u041a\u043e\u0434 \u043e\u0442\u0432\u0435\u0442\u0430": 200, "\u0412\u0440\u0435\u043c\u044f \u043e\u0442\u0432\u0435\u0442\u0430(\u0441\u0435\u043a)": 2.255119}, "\u041f\u043e\u043f\u044b\u0442\u043a\u0430 \u211621": {"\u041a\u043e\u0434 \u043e\u0442\u0432\u0435\u0442\u0430": 200, "\u0412\u0440\u0435\u043c\u044f \u043e\u0442\u0432\u0435\u0442\u0430(\u0441\u0435\u043a)": 2.204508}, "\u041f\u043e\u043f\u044b\u0442\u043a\u0430 \u211622": {"\u041a\u043e\u0434 \u043e\u0442\u0432\u0435\u0442\u0430": 200, "\u0412\u0440\u0435\u043c\u044f \u043e\u0442\u0432\u0435\u0442\u0430(\u0441\u0435\u043a)": 2.281721}, "\u041f\u043e\u043f\u044b\u0442\u043a\u0430 \u211623": {"\u041a\u043e\u0434 \u043e\u0442\u0432\u0435\u0442\u0430": 200, "\u0412\u0440\u0435\u043c\u044f \u043e\u0442\u0432\u0435\u0442\u0430(\u0441\u0435\u043a)": 2.168409}, "\u041f\u043e\u043f\u044b\u0442\u043a\u0430 \u211624": {"\u041a\u043e\u0434 \u043e\u0442\u0432\u0435\u0442\u0430": 200, "\u0412\u0440\u0435\u043c\u044f \u043e\u0442\u0432\u0435\u0442\u0430(\u0441\u0435\u043a)": 2.375841}, "\u041f\u043e\u043f\u044b\u0442\u043a\u0430 \u211625": {"\u041a\u043e\u0434 \u043e\u0442\u0432\u0435\u0442\u0430": 200, "\u0412\u0440\u0435\u043c\u044f \u043e\u0442\u0432\u0435\u0442\u0430(\u0441\u0435\u043a)": 2.254168}, "\u041f\u043e\u043f\u044b\u0442\u043a\u0430 \u211626": {"\u041a\u043e\u0434 \u043e\u0442\u0432\u0435\u0442\u0430": 200, "\u0412\u0440\u0435\u043c\u044f \u043e\u0442\u0432\u0435\u0442\u0430(\u0441\u0435\u043a)": 2.16514}, "\u041f\u043e\u043f\u044b\u0442\u043a\u0430 \u211627": {"\u041a\u043e\u0434 \u043e\u0442\u0432\u0435\u0442\u0430": 200, "\u0412\u0440\u0435\u043c\u044f \u043e\u0442\u0432\u0435\u0442\u0430(\u0441\u0435\u043a)": 2.102559}, "\u041f\u043e\u043f\u044b\u0442\u043a\u0430 \u211628": {"\u041a\u043e\u0434 \u043e\u0442\u0432\u0435\u0442\u0430": 200, "\u0412\u0440\u0435\u043c\u044f \u043e\u0442\u0432\u0435\u0442\u0430(\u0441\u0435\u043a)": 2.178843}, "\u041f\u043e\u043f\u044b\u0442\u043a\u0430 \u211629": {"\u041a\u043e\u0434 \u043e\u0442\u0432\u0435\u0442\u0430": 200, "\u0412\u0440\u0435\u043c\u044f \u043e\u0442\u0432\u0435\u0442\u0430(\u0441\u0435\u043a)": 2.191275}, "\u041f\u043e\u043f\u044b\u0442\u043a\u0430 \u211630": {"\u041a\u043e\u0434 \u043e\u0442\u0432\u0435\u0442\u0430": 200, "\u0412\u0440\u0435\u043c\u044f \u043e\u0442\u0432\u0435\u0442\u0430(\u0441\u0435\u043a)": 2.247708}, "\u041f\u043e\u043f\u044b\u0442\u043a\u0430 \u211631": {"\u041a\u043e\u0434 \u043e\u0442\u0432\u0435\u0442\u0430": 200, "\u0412\u0440\u0435\u043c\u044f \u043e\u0442\u0432\u0435\u0442\u0430(\u0441\u0435\u043a)": 2.171218}, "\u041f\u043e\u043f\u044b\u0442\u043a\u0430 \u211632": {"\u041a\u043e\u0434 \u043e\u0442\u0432\u0435\u0442\u0430": 200, "\u0412\u0440\u0435\u043c\u044f \u043e\u0442\u0432\u0435\u0442\u0430(\u0441\u0435\u043a)": 2.166541}, "\u041f\u043e\u043f\u044b\u0442\u043a\u0430 \u211633": {"\u041a\u043e\u0434 \u043e\u0442\u0432\u0435\u0442\u0430": 200, "\u0412\u0440\u0435\u043c\u044f \u043e\u0442\u0432\u0435\u0442\u0430(\u0441\u0435\u043a)": 2.216335}, "\u041f\u043e\u043f\u044b\u0442\u043a\u0430 \u211634": {"\u041a\u043e\u0434 \u043e\u0442\u0432\u0435\u0442\u0430": 200, "\u0412\u0440\u0435\u043c\u044f \u043e\u0442\u0432\u0435\u0442\u0430(\u0441\u0435\u043a)": 2.265788}, "\u041f\u043e\u043f\u044b\u0442\u043a\u0430 \u211635": {"\u041a\u043e\u0434 \u043e\u0442\u0432\u0435\u0442\u0430": 200, "\u0412\u0440\u0435\u043c\u044f \u043e\u0442\u0432\u0435\u0442\u0430(\u0441\u0435\u043a)": 2.278174}, "\u041f\u043e\u043f\u044b\u0442\u043a\u0430 \u211636": {"\u041a\u043e\u0434 \u043e\u0442\u0432\u0435\u0442\u0430": 200, "\u0412\u0440\u0435\u043c\u044f \u043e\u0442\u0432\u0435\u0442\u0430(\u0441\u0435\u043a)": 2.211601},